station,outer_fold,source_row_index,serial_no,label_true,label_predicted,correct
BAT,1,779,779,1,0,0
BAT,1,780,780,1,0,0
BAT,1,820,820,1,1,1
BAT,1,828,828,1,1,1
BAT,1,831,831,1,1,1
BAT,1,833,833,1,1,1
BAT,1,840,840,1,1,1
BAT,1,842,842,1,1,1
BAT,1,862,862,1,1,1
BAT,1,865,865,1,1,1
BAT,1,874,874,1,1,1
BAT,1,875,875,1,1,1
BAT,1,882,882,1,1,1
BAT,1,887,887,1,1,1
BAT,1,904,904,1,1,1
BAT,1,916,916,1,1,1
BAT,1,926,926,0,0,1
BAT,1,934,934,0,0,1
BAT,1,947,947,0,0,1
BAT,1,948,948,0,0,1
BAT,1,953,953,0,0,1
BAT,1,970,970,0,0,1
BAT,1,983,983,0,0,1
BAT,1,984,984,0,0,1
BAT,1,994,994,0,0,1
BAT,1,1002,1002,0,0,1
BAT,1,1014,1014,0,0,1
BAT,1,1016,1016,0,0,1
BAT,1,1024,1024,0,1,0
BAT,1,1033,1033,0,0,1
BAT,1,1036,1036,0,0,1
BAT,1,1046,1046,0,0,1
BAT,1,1055,1055,0,0,1
BAT,1,1069,1069,0,0,1
BAT,1,1080,1080,0,0,1
BAT,1,1102,1102,0,0,1
BAT,1,1143,1143,0,0,1
BAT,1,1145,1145,0,0,1
BAT,1,1153,1153,0,0,1
BAT,1,1160,1160,0,1,0
BAT,1,1165,1165,0,0,1
BAT,1,1181,1181,0,0,1
BAT,1,1207,1207,0,0,1
BAT,1,1213,1213,0,0,1
BAT,1,1219,1219,0,0,1
BAT,1,1246,1246,0,0,1
BAT,1,1256,1256,0,0,1
BAT,1,1257,1257,0,0,1
BAT,1,1258,1258,0,1,0
BAT,1,1259,1259,0,0,1
BAT,1,1269,1269,0,0,1
BAT,1,1272,1272,0,0,1
BAT,1,1286,1286,0,0,1
BAT,1,1289,1289,0,0,1
BAT,1,1304,1304,0,0,1
BAT,1,1312,1312,0,0,1
BAT,2,775,775,1,1,1
BAT,2,788,788,1,1,1
BAT,2,800,800,1,1,1
BAT,2,813,813,1,1,1
BAT,2,814,814,1,1,1
BAT,2,815,815,1,1,1
BAT,2,827,827,1,1,1
BAT,2,846,846,1,1,1
BAT,2,848,848,1,1,1
BAT,2,849,849,1,1,1
BAT,2,852,852,1,1,1
BAT,2,857,857,1,1,1
BAT,2,861,861,1,1,1
BAT,2,867,867,1,1,1
BAT,2,877,877,1,0,0
BAT,2,893,893,1,0,0
BAT,2,933,933,0,0,1
BAT,2,935,935,0,0,1
BAT,2,938,938,0,0,1
BAT,2,1008,1008,0,0,1
BAT,2,1011,1011,0,0,1
BAT,2,1013,1013,0,1,0
BAT,2,1021,1021,0,0,1
BAT,2,1039,1039,0,1,0
BAT,2,1044,1044,0,0,1
BAT,2,1052,1052,0,0,1
BAT,2,1053,1053,0,0,1
BAT,2,1088,1088,0,0,1
BAT,2,1093,1093,0,0,1
BAT,2,1096,1096,0,0,1
BAT,2,1097,1097,0,0,1
BAT,2,1101,1101,0,0,1
BAT,2,1115,1115,0,0,1
BAT,2,1117,1117,0,0,1
BAT,2,1119,1119,0,0,1
BAT,2,1121,1121,0,0,1
BAT,2,1159,1159,0,0,1
BAT,2,1162,1162,0,1,0
BAT,2,1193,1193,0,0,1
BAT,2,1199,1199,0,0,1
BAT,2,1214,1214,0,0,1
BAT,2,1233,1233,0,0,1
BAT,2,1236,1236,0,0,1
BAT,2,1242,1242,0,0,1
BAT,2,1262,1262,0,0,1
BAT,2,1270,1270,0,0,1
BAT,2,1278,1278,0,0,1
BAT,2,1282,1282,0,0,1
BAT,2,1287,1287,0,0,1
BAT,2,1291,1291,0,0,1
BAT,2,1294,1294,0,0,1
BAT,2,1300,1300,0,0,1
BAT,2,1302,1302,0,0,1
BAT,2,1303,1303,0,0,1
BAT,2,1315,1315,0,0,1
BAT,2,1316,1316,0,0,1
BAT,3,767,767,1,1,1
BAT,3,769,769,1,1,1
BAT,3,773,773,1,1,1
BAT,3,778,778,1,0,0
BAT,3,794,794,1,1,1
BAT,3,809,809,1,1,1
BAT,3,816,816,1,1,1
BAT,3,824,824,1,0,0
BAT,3,841,841,1,1,1
BAT,3,844,844,1,1,1
BAT,3,845,845,1,1,1
BAT,3,853,853,1,1,1
BAT,3,870,870,1,1,1
BAT,3,880,880,1,1,1
BAT,3,895,895,1,1,1
BAT,3,909,909,1,0,0
BAT,3,918,918,0,1,0
BAT,3,920,920,0,0,1
BAT,3,930,930,0,0,1
BAT,3,937,937,0,1,0
BAT,3,951,951,0,0,1
BAT,3,962,962,0,0,1
BAT,3,963,963,0,0,1
BAT,3,974,974,0,0,1
BAT,3,985,985,0,0,1
BAT,3,1005,1005,0,1,0
BAT,3,1038,1038,0,0,1
BAT,3,1054,1054,0,0,1
BAT,3,1068,1068,0,0,1
BAT,3,1074,1074,0,0,1
BAT,3,1084,1084,0,0,1
BAT,3,1090,1090,0,0,1
BAT,3,1092,1092,0,1,0
BAT,3,1161,1161,0,0,1
BAT,3,1163,1163,0,0,1
BAT,3,1168,1168,0,0,1
BAT,3,1174,1174,0,0,1
BAT,3,1195,1195,0,0,1
BAT,3,1196,1196,0,1,0
BAT,3,1209,1209,0,0,1
BAT,3,1228,1228,0,0,1
BAT,3,1229,1229,0,0,1
BAT,3,1235,1235,0,0,1
BAT,3,1243,1243,0,0,1
BAT,3,1247,1247,0,0,1
BAT,3,1251,1251,0,0,1
BAT,3,1254,1254,0,0,1
BAT,3,1263,1263,0,0,1
BAT,3,1274,1274,0,0,1
BAT,3,1283,1283,0,1,0
BAT,3,1284,1284,0,0,1
BAT,3,1292,1292,0,0,1
BAT,3,1295,1295,0,0,1
BAT,3,1309,1309,0,0,1
BAT,3,1313,1313,0,0,1
BAT,3,1317,1317,0,1,0
BAT,4,774,774,1,1,1
BAT,4,786,786,1,1,1
BAT,4,790,790,1,1,1
BAT,4,797,797,1,0,0
BAT,4,812,812,1,1,1
BAT,4,821,821,1,1,1
BAT,4,829,829,1,1,1
BAT,4,838,838,1,1,1
BAT,4,843,843,1,1,1
BAT,4,872,872,1,1,1
BAT,4,873,873,1,1,1
BAT,4,881,881,1,1,1
BAT,4,896,896,1,1,1
BAT,4,901,901,1,1,1
BAT,4,906,906,1,1,1
BAT,4,913,913,1,1,1
BAT,4,924,924,0,0,1
BAT,4,925,925,0,0,1
BAT,4,927,927,0,0,1
BAT,4,949,949,0,0,1
BAT,4,958,958,0,0,1
BAT,4,960,960,0,0,1
BAT,4,969,969,0,0,1
BAT,4,981,981,0,0,1
BAT,4,990,990,0,0,1
BAT,4,1012,1012,0,1,0
BAT,4,1023,1023,0,0,1
BAT,4,1060,1060,0,0,1
BAT,4,1062,1062,0,0,1
BAT,4,1076,1076,0,0,1
BAT,4,1077,1077,0,0,1
BAT,4,1079,1079,0,0,1
BAT,4,1081,1081,0,0,1
BAT,4,1087,1087,0,1,0
BAT,4,1109,1109,0,0,1
BAT,4,1120,1120,0,0,1
BAT,4,1122,1122,0,0,1
BAT,4,1124,1124,0,0,1
BAT,4,1130,1130,0,0,1
BAT,4,1131,1131,0,0,1
BAT,4,1135,1135,0,0,1
BAT,4,1141,1141,0,0,1
BAT,4,1147,1147,0,0,1
BAT,4,1156,1156,0,0,1
BAT,4,1185,1185,0,1,0
BAT,4,1198,1198,0,0,1
BAT,4,1204,1204,0,0,1
BAT,4,1217,1217,0,0,1
BAT,4,1224,1224,0,0,1
BAT,4,1234,1234,0,0,1
BAT,4,1249,1249,0,0,1
BAT,4,1264,1264,0,0,1
BAT,4,1299,1299,0,0,1
BAT,4,1305,1305,0,0,1
BAT,4,1308,1308,0,0,1
BAT,4,1314,1314,0,0,1
BAT,5,768,768,1,1,1
BAT,5,777,777,1,1,1
BAT,5,781,781,1,1,1
BAT,5,795,795,1,1,1
BAT,5,796,796,1,1,1
BAT,5,801,801,1,1,1
BAT,5,803,803,1,0,0
BAT,5,810,810,1,1,1
BAT,5,818,818,1,1,1
BAT,5,859,859,1,1,1
BAT,5,866,866,1,1,1
BAT,5,884,884,1,1,1
BAT,5,891,891,1,1,1
BAT,5,894,894,1,1,1
BAT,5,911,911,1,1,1
BAT,5,914,914,1,1,1
BAT,5,942,942,0,0,1
BAT,5,950,950,0,0,1
BAT,5,952,952,0,0,1
BAT,5,954,954,0,0,1
BAT,5,968,968,0,0,1
BAT,5,975,975,0,0,1
BAT,5,986,986,0,1,0
BAT,5,1001,1001,0,0,1
BAT,5,1009,1009,0,0,1
BAT,5,1015,1015,0,0,1
BAT,5,1025,1025,0,0,1
BAT,5,1030,1030,0,0,1
BAT,5,1037,1037,0,0,1
BAT,5,1045,1045,0,0,1
BAT,5,1059,1059,0,0,1
BAT,5,1066,1066,0,1,0
BAT,5,1089,1089,0,0,1
BAT,5,1107,1107,0,0,1
BAT,5,1111,1111,0,1,0
BAT,5,1116,1116,0,0,1
BAT,5,1136,1136,0,1,0
BAT,5,1139,1139,0,0,1
BAT,5,1144,1144,0,0,1
BAT,5,1146,1146,0,0,1
BAT,5,1152,1152,0,1,0
BAT,5,1164,1164,0,0,1
BAT,5,1167,1167,0,0,1
BAT,5,1169,1169,0,0,1
BAT,5,1170,1170,0,0,1
BAT,5,1184,1184,0,0,1
BAT,5,1190,1190,0,0,1
BAT,5,1200,1200,0,0,1
BAT,5,1241,1241,0,0,1
BAT,5,1250,1250,0,0,1
BAT,5,1253,1253,0,0,1
BAT,5,1273,1273,0,0,1
BAT,5,1279,1279,0,1,0
BAT,5,1298,1298,0,0,1
BAT,5,1306,1306,0,0,1
BAT,5,1311,1311,0,0,1
BAT,6,763,763,1,1,1
BAT,6,770,770,1,1,1
BAT,6,782,782,1,1,1
BAT,6,789,789,1,1,1
BAT,6,792,792,1,1,1
BAT,6,804,804,1,1,1
BAT,6,805,805,1,1,1
BAT,6,808,808,1,1,1
BAT,6,819,819,1,0,0
BAT,6,835,835,1,1,1
BAT,6,836,836,1,1,1
BAT,6,858,858,1,1,1
BAT,6,900,900,1,1,1
BAT,6,912,912,1,1,1
BAT,6,915,915,1,1,1
BAT,6,921,921,0,0,1
BAT,6,976,976,0,0,1
BAT,6,987,987,0,0,1
BAT,6,989,989,0,0,1
BAT,6,997,997,0,1,0
BAT,6,998,998,0,0,1
BAT,6,1004,1004,0,0,1
BAT,6,1032,1032,0,1,0
BAT,6,1041,1041,0,0,1
BAT,6,1047,1047,0,0,1
BAT,6,1064,1064,0,0,1
BAT,6,1065,1065,0,0,1
BAT,6,1072,1072,0,0,1
BAT,6,1078,1078,0,1,0
BAT,6,1085,1085,0,0,1
BAT,6,1086,1086,0,0,1
BAT,6,1100,1100,0,0,1
BAT,6,1103,1103,0,0,1
BAT,6,1104,1104,0,0,1
BAT,6,1108,1108,0,0,1
BAT,6,1113,1113,0,0,1
BAT,6,1132,1132,0,0,1
BAT,6,1133,1133,0,0,1
BAT,6,1140,1140,0,0,1
BAT,6,1142,1142,0,0,1
BAT,6,1157,1157,0,0,1
BAT,6,1173,1173,0,0,1
BAT,6,1180,1180,0,0,1
BAT,6,1189,1189,0,0,1
BAT,6,1201,1201,0,0,1
BAT,6,1211,1211,0,0,1
BAT,6,1218,1218,0,0,1
BAT,6,1222,1222,0,0,1
BAT,6,1265,1265,0,0,1
BAT,6,1267,1267,0,0,1
BAT,6,1271,1271,0,0,1
BAT,6,1280,1280,0,0,1
BAT,6,1281,1281,0,1,0
BAT,6,1301,1301,0,0,1
BAT,6,1307,1307,0,0,1
BAT,7,764,764,1,1,1
BAT,7,776,776,1,1,1
BAT,7,784,784,1,1,1
BAT,7,785,785,1,1,1
BAT,7,787,787,1,0,0
BAT,7,798,798,1,1,1
BAT,7,811,811,1,1,1
BAT,7,817,817,1,1,1
BAT,7,825,825,1,1,1
BAT,7,839,839,1,1,1
BAT,7,871,871,1,0,0
BAT,7,878,878,1,1,1
BAT,7,886,886,1,1,1
BAT,7,889,889,1,1,1
BAT,7,917,917,1,1,1
BAT,7,919,919,0,0,1
BAT,7,922,922,0,0,1
BAT,7,929,929,0,0,1
BAT,7,939,939,0,0,1
BAT,7,943,943,0,0,1
BAT,7,946,946,0,0,1
BAT,7,964,964,0,0,1
BAT,7,973,973,0,0,1
BAT,7,977,977,0,0,1
BAT,7,979,979,0,0,1
BAT,7,982,982,0,0,1
BAT,7,991,991,0,0,1
BAT,7,1000,1000,0,0,1
BAT,7,1007,1007,0,0,1
BAT,7,1018,1018,0,0,1
BAT,7,1027,1027,0,1,0
BAT,7,1028,1028,0,1,0
BAT,7,1031,1031,0,0,1
BAT,7,1043,1043,0,0,1
BAT,7,1050,1050,0,0,1
BAT,7,1067,1067,0,0,1
BAT,7,1070,1070,0,0,1
BAT,7,1073,1073,0,0,1
BAT,7,1082,1082,0,0,1
BAT,7,1118,1118,0,0,1
BAT,7,1129,1129,0,0,1
BAT,7,1149,1149,0,0,1
BAT,7,1151,1151,0,0,1
BAT,7,1172,1172,0,0,1
BAT,7,1191,1191,0,0,1
BAT,7,1197,1197,0,0,1
BAT,7,1216,1216,0,0,1
BAT,7,1227,1227,0,0,1
BAT,7,1231,1231,0,0,1
BAT,7,1232,1232,0,0,1
BAT,7,1237,1237,0,0,1
BAT,7,1240,1240,0,0,1
BAT,7,1252,1252,0,0,1
BAT,7,1285,1285,0,0,1
BAT,7,1296,1296,0,0,1
BAT,8,765,765,1,1,1
BAT,8,791,791,1,1,1
BAT,8,793,793,1,1,1
BAT,8,806,806,1,0,0
BAT,8,834,834,1,1,1
BAT,8,847,847,1,1,1
BAT,8,851,851,1,1,1
BAT,8,855,855,1,1,1
BAT,8,856,856,1,1,1
BAT,8,863,863,1,1,1
BAT,8,869,869,1,1,1
BAT,8,885,885,1,1,1
BAT,8,898,898,1,1,1
BAT,8,899,899,1,1,1
BAT,8,905,905,1,1,1
BAT,8,923,923,0,0,1
BAT,8,931,931,0,0,1
BAT,8,932,932,0,1,0
BAT,8,944,944,0,0,1
BAT,8,956,956,0,0,1
BAT,8,959,959,0,0,1
BAT,8,967,967,0,0,1
BAT,8,971,971,0,0,1
BAT,8,972,972,0,0,1
BAT,8,978,978,0,0,1
BAT,8,980,980,0,0,1
BAT,8,988,988,0,0,1
BAT,8,995,995,0,0,1
BAT,8,1003,1003,0,0,1
BAT,8,1017,1017,0,0,1
BAT,8,1022,1022,0,0,1
BAT,8,1026,1026,0,0,1
BAT,8,1040,1040,0,0,1
BAT,8,1056,1056,0,0,1
BAT,8,1057,1057,0,0,1
BAT,8,1061,1061,0,0,1
BAT,8,1063,1063,0,0,1
BAT,8,1071,1071,0,0,1
BAT,8,1094,1094,0,0,1
BAT,8,1112,1112,0,1,0
BAT,8,1125,1125,0,0,1
BAT,8,1137,1137,0,0,1
BAT,8,1155,1155,0,0,1
BAT,8,1158,1158,0,0,1
BAT,8,1175,1175,0,0,1
BAT,8,1178,1178,0,1,0
BAT,8,1205,1205,0,0,1
BAT,8,1206,1206,0,0,1
BAT,8,1212,1212,0,0,1
BAT,8,1215,1215,0,0,1
BAT,8,1220,1220,0,0,1
BAT,8,1245,1245,0,0,1
BAT,8,1255,1255,0,0,1
BAT,8,1266,1266,0,0,1
BAT,8,1275,1275,0,0,1
BAT,9,766,766,1,1,1
BAT,9,771,771,1,1,1
BAT,9,772,772,1,1,1
BAT,9,783,783,1,1,1
BAT,9,799,799,1,1,1
BAT,9,807,807,1,1,1
BAT,9,822,822,1,1,1
BAT,9,826,826,1,1,1
BAT,9,830,830,1,1,1
BAT,9,854,854,1,1,1
BAT,9,883,883,1,1,1
BAT,9,892,892,1,1,1
BAT,9,897,897,1,1,1
BAT,9,908,908,1,1,1
BAT,9,910,910,1,1,1
BAT,9,928,928,0,0,1
BAT,9,941,941,0,0,1
BAT,9,955,955,0,0,1
BAT,9,961,961,0,0,1
BAT,9,965,965,0,0,1
BAT,9,993,993,0,0,1
BAT,9,996,996,0,0,1
BAT,9,999,999,0,0,1
BAT,9,1010,1010,0,1,0
BAT,9,1029,1029,0,0,1
BAT,9,1048,1048,0,0,1
BAT,9,1049,1049,0,0,1
BAT,9,1058,1058,0,0,1
BAT,9,1075,1075,0,0,1
BAT,9,1091,1091,0,0,1
BAT,9,1098,1098,0,0,1
BAT,9,1105,1105,0,0,1
BAT,9,1110,1110,0,0,1
BAT,9,1123,1123,0,0,1
BAT,9,1128,1128,0,0,1
BAT,9,1150,1150,0,0,1
BAT,9,1154,1154,0,0,1
BAT,9,1171,1171,0,0,1
BAT,9,1179,1179,0,0,1
BAT,9,1182,1182,0,0,1
BAT,9,1183,1183,0,0,1
BAT,9,1188,1188,0,0,1
BAT,9,1194,1194,0,0,1
BAT,9,1202,1202,0,0,1
BAT,9,1210,1210,0,0,1
BAT,9,1221,1221,0,0,1
BAT,9,1223,1223,0,0,1
BAT,9,1225,1225,0,0,1
BAT,9,1226,1226,0,0,1
BAT,9,1238,1238,0,0,1
BAT,9,1268,1268,0,1,0
BAT,9,1277,1277,0,0,1
BAT,9,1288,1288,0,0,1
BAT,9,1290,1290,0,0,1
BAT,9,1293,1293,0,0,1
BAT,10,802,802,1,1,1
BAT,10,823,823,1,1,1
BAT,10,832,832,1,1,1
BAT,10,837,837,1,1,1
BAT,10,850,850,1,1,1
BAT,10,860,860,1,1,1
BAT,10,864,864,1,1,1
BAT,10,868,868,1,1,1
BAT,10,876,876,1,1,1
BAT,10,879,879,1,1,1
BAT,10,888,888,1,1,1
BAT,10,890,890,1,1,1
BAT,10,902,902,1,1,1
BAT,10,903,903,1,0,0
BAT,10,907,907,1,1,1
BAT,10,936,936,0,0,1
BAT,10,940,940,0,0,1
BAT,10,945,945,0,0,1
BAT,10,957,957,0,0,1
BAT,10,966,966,0,0,1
BAT,10,992,992,0,0,1
BAT,10,1006,1006,0,0,1
BAT,10,1019,1019,0,0,1
BAT,10,1020,1020,0,0,1
BAT,10,1034,1034,0,0,1
BAT,10,1035,1035,0,0,1
BAT,10,1042,1042,0,0,1
BAT,10,1051,1051,0,0,1
BAT,10,1083,1083,0,0,1
BAT,10,1095,1095,0,0,1
BAT,10,1099,1099,0,0,1
BAT,10,1106,1106,0,0,1
BAT,10,1114,1114,0,0,1
BAT,10,1126,1126,0,0,1
BAT,10,1127,1127,0,1,0
BAT,10,1134,1134,0,0,1
BAT,10,1138,1138,0,0,1
BAT,10,1148,1148,0,0,1
BAT,10,1166,1166,0,0,1
BAT,10,1176,1176,0,0,1
BAT,10,1177,1177,0,0,1
BAT,10,1186,1186,0,0,1
BAT,10,1187,1187,0,0,1
BAT,10,1192,1192,0,0,1
BAT,10,1203,1203,0,0,1
BAT,10,1208,1208,0,0,1
BAT,10,1230,1230,0,1,0
BAT,10,1239,1239,0,0,1
BAT,10,1244,1244,0,0,1
BAT,10,1248,1248,0,0,1
BAT,10,1260,1260,0,0,1
BAT,10,1261,1261,0,0,1
BAT,10,1276,1276,0,0,1
BAT,10,1297,1297,0,0,1
BAT,10,1310,1310,0,0,1
